_afkbot1xd,524858c9-f956-3cf9-b34f-487c6b5ca4ce
_a_f_k_bot4da,8c2c9af3-d699-37b3-b33f-45f58cf26dab
llblyat,0e108571-d05b-3069-b49c-735b8b51bedb
_a_f_k_b_ot5ng,fd648342-ec6f-35a5-9bf9-faa327490646
vanhng,75ad52e1-72dd-3f96-9b77-0fb95f6c59f3
duynuke,1eebbb3e-f234-38b2-9ac0-050ac89c0661
deakypsycho,a4e848fe-aa2d-387f-9c0a-3515387046c4
khanhshoang11,51e1ce32-74b4-3ed5-af9e-7e17571c2a03
_a_f_kbot3xd,4996e2cd-a7c1-31bf-9682-3c2a0be7ff2b
n0torious,eb8632c7-0808-35ac-82bc-476aced984f6
_a_fkbot2xd,5f21f5d2-4c19-3dcc-85c6-d2b333d79a54
